remote_path, local_path
s3://rhetenor/wrds_2022/basedata/open.csv.gz, ./data/open.csv.gz
s3://rhetenor/wrds_2022/basedata/high.csv.gz, ./data/high.csv.gz
s3://rhetenor/wrds_2022/basedata/low.csv.gz, ./data/low.csv.gz
s3://rhetenor/wrds_2022/basedata/close.csv.gz, ./data/close.csv.gz
s3://rhetenor/wrds_2022/basedata/volume.csv.gz, ./data/volume.csv.gz
s3://rhetenor/wrds_2022/basedata/returns.csv.gz, ./data/returns.csv.gz
s3://rhetenor/wrds_2022/basedata/returns_next.csv.gz, ./data/returns_next.csv.gz
s3://rhetenor/wrds_2022/basedata/returns_d1.csv.gz, ./data/returns_d1.csv.gz
s3://rhetenor/wrds_2022/afnd1/aco.csv.gz, ./data/afnd1_aco.csv.gz
s3://rhetenor/wrds_2022/afnd1/acox.csv.gz, ./data/afnd1_acox.csv.gz
s3://rhetenor/wrds_2022/afnd1/act.csv.gz, ./data/afnd1_act.csv.gz
s3://rhetenor/wrds_2022/afnd1/am.csv.gz, ./data/afnd1_am.csv.gz
s3://rhetenor/wrds_2022/afnd1/ao.csv.gz, ./data/afnd1_ao.csv.gz
s3://rhetenor/wrds_2022/afnd1/aoloch.csv.gz, ./data/afnd1_aoloch.csv.gz
s3://rhetenor/wrds_2022/afnd1/aox.csv.gz, ./data/afnd1_aox.csv.gz
s3://rhetenor/wrds_2022/afnd1/ap.csv.gz, ./data/afnd1_ap.csv.gz
s3://rhetenor/wrds_2022/afnd1/apch.csv.gz, ./data/afnd1_apch.csv.gz
s3://rhetenor/wrds_2022/afnd1/apo.csv.gz, ./data/afnd1_apo.csv.gz
s3://rhetenor/wrds_2022/afnd1/aqc.csv.gz, ./data/afnd1_aqc.csv.gz
s3://rhetenor/wrds_2022/afnd1/at.csv.gz, ./data/afnd1_at.csv.gz
s3://rhetenor/wrds_2022/afnd1/autxr.csv.gz, ./data/afnd1_autxr.csv.gz
s3://rhetenor/wrds_2022/afnd1/caps.csv.gz, ./data/afnd1_caps.csv.gz
s3://rhetenor/wrds_2022/afnd1/capx.csv.gz, ./data/afnd1_capx.csv.gz
s3://rhetenor/wrds_2022/afnd1/ceq.csv.gz, ./data/afnd1_ceq.csv.gz
s3://rhetenor/wrds_2022/afnd1/ch.csv.gz, ./data/afnd1_ch.csv.gz
s3://rhetenor/wrds_2022/afnd1/che.csv.gz, ./data/afnd1_che.csv.gz
s3://rhetenor/wrds_2022/afnd1/cheb.csv.gz, ./data/afnd1_cheb.csv.gz
s3://rhetenor/wrds_2022/afnd1/chech.csv.gz, ./data/afnd1_chech.csv.gz
s3://rhetenor/wrds_2022/afnd1/chee.csv.gz, ./data/afnd1_chee.csv.gz
s3://rhetenor/wrds_2022/afnd1/cogs.csv.gz, ./data/afnd1_cogs.csv.gz
s3://rhetenor/wrds_2022/afnd1/cshfd.csv.gz, ./data/afnd1_cshfd.csv.gz
s3://rhetenor/wrds_2022/afnd1/csho.csv.gz, ./data/afnd1_csho.csv.gz
s3://rhetenor/wrds_2022/afnd1/cshpri.csv.gz, ./data/afnd1_cshpri.csv.gz
s3://rhetenor/wrds_2022/afnd1/cshr.csv.gz, ./data/afnd1_cshr.csv.gz
s3://rhetenor/wrds_2022/afnd1/cstk.csv.gz, ./data/afnd1_cstk.csv.gz
s3://rhetenor/wrds_2022/afnd1/dc.csv.gz, ./data/afnd1_dc.csv.gz
s3://rhetenor/wrds_2022/afnd1/dd1.csv.gz, ./data/afnd1_dd1.csv.gz
s3://rhetenor/wrds_2022/afnd1/dfxa.csv.gz, ./data/afnd1_dfxa.csv.gz
s3://rhetenor/wrds_2022/afnd1/dlc.csv.gz, ./data/afnd1_dlc.csv.gz
s3://rhetenor/wrds_2022/afnd1/dlcch.csv.gz, ./data/afnd1_dlcch.csv.gz
s3://rhetenor/wrds_2022/afnd1/dltt.csv.gz, ./data/afnd1_dltt.csv.gz
s3://rhetenor/wrds_2022/afnd1/do.csv.gz, ./data/afnd1_do.csv.gz
s3://rhetenor/wrds_2022/afnd1/dp.csv.gz, ./data/afnd1_dp.csv.gz
s3://rhetenor/wrds_2022/afnd1/dpact.csv.gz, ./data/afnd1_dpact.csv.gz
s3://rhetenor/wrds_2022/afnd1/dpc.csv.gz, ./data/afnd1_dpc.csv.gz
s3://rhetenor/wrds_2022/afnd1/dv.csv.gz, ./data/afnd1_dv.csv.gz
s3://rhetenor/wrds_2022/afnd1/dvc.csv.gz, ./data/afnd1_dvc.csv.gz
s3://rhetenor/wrds_2022/afnd1/dvt.csv.gz, ./data/afnd1_dvt.csv.gz
s3://rhetenor/wrds_2022/afnd1/ea.csv.gz, ./data/afnd1_ea.csv.gz
s3://rhetenor/wrds_2022/afnd1/ebit.csv.gz, ./data/afnd1_ebit.csv.gz
s3://rhetenor/wrds_2022/afnd1/ebitda.csv.gz, ./data/afnd1_ebitda.csv.gz
s3://rhetenor/wrds_2022/afnd1/emp.csv.gz, ./data/afnd1_emp.csv.gz
s3://rhetenor/wrds_2022/afnd1/epsfi.csv.gz, ./data/afnd1_epsfi.csv.gz
s3://rhetenor/wrds_2022/afnd1/epsfx.csv.gz, ./data/afnd1_epsfx.csv.gz
s3://rhetenor/wrds_2022/afnd1/epspi.csv.gz, ./data/afnd1_epspi.csv.gz
s3://rhetenor/wrds_2022/afnd1/epspx.csv.gz, ./data/afnd1_epspx.csv.gz
s3://rhetenor/wrds_2022/afnd1/ero.csv.gz, ./data/afnd1_ero.csv.gz
s3://rhetenor/wrds_2022/afnd1/exre.csv.gz, ./data/afnd1_exre.csv.gz
s3://rhetenor/wrds_2022/afnd1/fca.csv.gz, ./data/afnd1_fca.csv.gz
s3://rhetenor/wrds_2022/afnd1/fiao.csv.gz, ./data/afnd1_fiao.csv.gz
s3://rhetenor/wrds_2022/afnd1/fincf.csv.gz, ./data/afnd1_fincf.csv.gz
s3://rhetenor/wrds_2022/afnd1/fopo.csv.gz, ./data/afnd1_fopo.csv.gz
s3://rhetenor/wrds_2022/afnd1/gdwl.csv.gz, ./data/afnd1_gdwl.csv.gz
s3://rhetenor/wrds_2022/afnd1/ib.csv.gz, ./data/afnd1_ib.csv.gz
s3://rhetenor/wrds_2022/afnd1/ibc.csv.gz, ./data/afnd1_ibc.csv.gz
s3://rhetenor/wrds_2022/afnd1/ibmii.csv.gz, ./data/afnd1_ibmii.csv.gz
s3://rhetenor/wrds_2022/afnd1/icapt.csv.gz, ./data/afnd1_icapt.csv.gz
s3://rhetenor/wrds_2022/afnd1/idit.csv.gz, ./data/afnd1_idit.csv.gz
s3://rhetenor/wrds_2022/afnd1/intan.csv.gz, ./data/afnd1_intan.csv.gz
s3://rhetenor/wrds_2022/afnd1/intanp.csv.gz, ./data/afnd1_intanp.csv.gz
s3://rhetenor/wrds_2022/afnd1/intc.csv.gz, ./data/afnd1_intc.csv.gz
s3://rhetenor/wrds_2022/afnd1/intoact.csv.gz, ./data/afnd1_intoact.csv.gz
s3://rhetenor/wrds_2022/afnd1/intpn.csv.gz, ./data/afnd1_intpn.csv.gz
s3://rhetenor/wrds_2022/afnd1/invch.csv.gz, ./data/afnd1_invch.csv.gz
s3://rhetenor/wrds_2022/afnd1/invfg.csv.gz, ./data/afnd1_invfg.csv.gz
s3://rhetenor/wrds_2022/afnd1/invo.csv.gz, ./data/afnd1_invo.csv.gz
s3://rhetenor/wrds_2022/afnd1/invrm.csv.gz, ./data/afnd1_invrm.csv.gz
s3://rhetenor/wrds_2022/afnd1/invt.csv.gz, ./data/afnd1_invt.csv.gz
s3://rhetenor/wrds_2022/afnd1/invwip.csv.gz, ./data/afnd1_invwip.csv.gz
s3://rhetenor/wrds_2022/afnd1/ivaco.csv.gz, ./data/afnd1_ivaco.csv.gz
s3://rhetenor/wrds_2022/afnd1/ivaeq.csv.gz, ./data/afnd1_ivaeq.csv.gz
s3://rhetenor/wrds_2022/afnd1/ivao.csv.gz, ./data/afnd1_ivao.csv.gz
s3://rhetenor/wrds_2022/afnd1/ivch.csv.gz, ./data/afnd1_ivch.csv.gz
s3://rhetenor/wrds_2022/afnd1/ivncf.csv.gz, ./data/afnd1_ivncf.csv.gz
s3://rhetenor/wrds_2022/afnd1/ivst.csv.gz, ./data/afnd1_ivst.csv.gz
s3://rhetenor/wrds_2022/afnd1/ivstch.csv.gz, ./data/afnd1_ivstch.csv.gz
s3://rhetenor/wrds_2022/afnd1/lco.csv.gz, ./data/afnd1_lco.csv.gz
s3://rhetenor/wrds_2022/afnd1/lcox.csv.gz, ./data/afnd1_lcox.csv.gz
s3://rhetenor/wrds_2022/afnd1/lct.csv.gz, ./data/afnd1_lct.csv.gz
s3://rhetenor/wrds_2022/afnd1/lo.csv.gz, ./data/afnd1_lo.csv.gz
s3://rhetenor/wrds_2022/afnd1/lse.csv.gz, ./data/afnd1_lse.csv.gz
s3://rhetenor/wrds_2022/afnd1/lt.csv.gz, ./data/afnd1_lt.csv.gz
s3://rhetenor/wrds_2022/afnd1/ltdch.csv.gz, ./data/afnd1_ltdch.csv.gz
s3://rhetenor/wrds_2022/afnd1/mibn.csv.gz, ./data/afnd1_mibn.csv.gz
s3://rhetenor/wrds_2022/afnd1/mibt.csv.gz, ./data/afnd1_mibt.csv.gz
s3://rhetenor/wrds_2022/afnd1/mii.csv.gz, ./data/afnd1_mii.csv.gz
s3://rhetenor/wrds_2022/afnd1/ni.csv.gz, ./data/afnd1_ni.csv.gz
s3://rhetenor/wrds_2022/afnd1/nopi.csv.gz, ./data/afnd1_nopi.csv.gz
s3://rhetenor/wrds_2022/afnd1/np.csv.gz, ./data/afnd1_np.csv.gz
s3://rhetenor/wrds_2022/afnd1/oancf.csv.gz, ./data/afnd1_oancf.csv.gz
s3://rhetenor/wrds_2022/afnd1/oiadp.csv.gz, ./data/afnd1_oiadp.csv.gz
s3://rhetenor/wrds_2022/afnd1/oibdp.csv.gz, ./data/afnd1_oibdp.csv.gz
s3://rhetenor/wrds_2022/afnd1/pi.csv.gz, ./data/afnd1_pi.csv.gz
s3://rhetenor/wrds_2022/afnd1/ppegt.csv.gz, ./data/afnd1_ppegt.csv.gz
s3://rhetenor/wrds_2022/afnd1/ppent.csv.gz, ./data/afnd1_ppent.csv.gz
s3://rhetenor/wrds_2022/afnd1/prc.csv.gz, ./data/afnd1_prc.csv.gz
s3://rhetenor/wrds_2022/afnd1/prv.csv.gz, ./data/afnd1_prv.csv.gz
s3://rhetenor/wrds_2022/afnd1/psfix.csv.gz, ./data/afnd1_psfix.csv.gz
s3://rhetenor/wrds_2022/afnd1/pstk.csv.gz, ./data/afnd1_pstk.csv.gz
s3://rhetenor/wrds_2022/afnd1/pstkn.csv.gz, ./data/afnd1_pstkn.csv.gz
s3://rhetenor/wrds_2022/afnd1/pstkr.csv.gz, ./data/afnd1_pstkr.csv.gz
s3://rhetenor/wrds_2022/afnd1/re.csv.gz, ./data/afnd1_re.csv.gz
s3://rhetenor/wrds_2022/afnd1/recch.csv.gz, ./data/afnd1_recch.csv.gz
s3://rhetenor/wrds_2022/afnd1/recco.csv.gz, ./data/afnd1_recco.csv.gz
s3://rhetenor/wrds_2022/afnd1/rect.csv.gz, ./data/afnd1_rect.csv.gz
s3://rhetenor/wrds_2022/afnd1/rectr.csv.gz, ./data/afnd1_rectr.csv.gz
s3://rhetenor/wrds_2022/afnd1/reuna.csv.gz, ./data/afnd1_reuna.csv.gz
s3://rhetenor/wrds_2022/afnd1/revt.csv.gz, ./data/afnd1_revt.csv.gz
s3://rhetenor/wrds_2022/afnd1/rvlrv.csv.gz, ./data/afnd1_rvlrv.csv.gz
s3://rhetenor/wrds_2022/afnd1/rvutx.csv.gz, ./data/afnd1_rvutx.csv.gz
s3://rhetenor/wrds_2022/afnd1/sale.csv.gz, ./data/afnd1_sale.csv.gz
s3://rhetenor/wrds_2022/afnd1/saleq.csv.gz, ./data/afnd1_saleq.csv.gz
s3://rhetenor/wrds_2022/afnd1/sco.csv.gz, ./data/afnd1_sco.csv.gz
s3://rhetenor/wrds_2022/afnd1/seq.csv.gz, ./data/afnd1_seq.csv.gz
s3://rhetenor/wrds_2022/afnd1/siv.csv.gz, ./data/afnd1_siv.csv.gz
s3://rhetenor/wrds_2022/afnd1/spi.csv.gz, ./data/afnd1_spi.csv.gz
s3://rhetenor/wrds_2022/afnd1/sppiv.csv.gz, ./data/afnd1_sppiv.csv.gz
s3://rhetenor/wrds_2022/afnd1/sstk.csv.gz, ./data/afnd1_sstk.csv.gz
s3://rhetenor/wrds_2022/afnd1/teq.csv.gz, ./data/afnd1_teq.csv.gz
s3://rhetenor/wrds_2022/afnd1/transa.csv.gz, ./data/afnd1_transa.csv.gz
s3://rhetenor/wrds_2022/afnd1/tsca.csv.gz, ./data/afnd1_tsca.csv.gz
s3://rhetenor/wrds_2022/afnd1/tstk.csv.gz, ./data/afnd1_tstk.csv.gz
s3://rhetenor/wrds_2022/afnd1/tstlta.csv.gz, ./data/afnd1_tstlta.csv.gz
s3://rhetenor/wrds_2022/afnd1/txc.csv.gz, ./data/afnd1_txc.csv.gz
s3://rhetenor/wrds_2022/afnd1/txdb.csv.gz, ./data/afnd1_txdb.csv.gz
s3://rhetenor/wrds_2022/afnd1/txdc.csv.gz, ./data/afnd1_txdc.csv.gz
s3://rhetenor/wrds_2022/afnd1/txdi.csv.gz, ./data/afnd1_txdi.csv.gz
s3://rhetenor/wrds_2022/afnd1/txditc.csv.gz, ./data/afnd1_txditc.csv.gz
s3://rhetenor/wrds_2022/afnd1/txo.csv.gz, ./data/afnd1_txo.csv.gz
s3://rhetenor/wrds_2022/afnd1/txop.csv.gz, ./data/afnd1_txop.csv.gz
s3://rhetenor/wrds_2022/afnd1/txp.csv.gz, ./data/afnd1_txp.csv.gz
s3://rhetenor/wrds_2022/afnd1/txpd.csv.gz, ./data/afnd1_txpd.csv.gz
s3://rhetenor/wrds_2022/afnd1/txt.csv.gz, ./data/afnd1_txt.csv.gz
s3://rhetenor/wrds_2022/afnd1/txw.csv.gz, ./data/afnd1_txw.csv.gz
s3://rhetenor/wrds_2022/afnd1/unl.csv.gz, ./data/afnd1_unl.csv.gz
s3://rhetenor/wrds_2022/afnd1/unnp.csv.gz, ./data/afnd1_unnp.csv.gz
s3://rhetenor/wrds_2022/afnd1/wcap.csv.gz, ./data/afnd1_wcap.csv.gz
s3://rhetenor/wrds_2022/afnd1/wcapopc.csv.gz, ./data/afnd1_wcapopc.csv.gz
s3://rhetenor/wrds_2022/afnd1/xacc.csv.gz, ./data/afnd1_xacc.csv.gz
s3://rhetenor/wrds_2022/afnd1/xido.csv.gz, ./data/afnd1_xido.csv.gz
s3://rhetenor/wrds_2022/afnd1/xint.csv.gz, ./data/afnd1_xint.csv.gz
s3://rhetenor/wrds_2022/afnd1/xlr.csv.gz, ./data/afnd1_xlr.csv.gz
s3://rhetenor/wrds_2022/afnd1/xopr.csv.gz, ./data/afnd1_xopr.csv.gz
s3://rhetenor/wrds_2022/afnd1/xopro.csv.gz, ./data/afnd1_xopro.csv.gz
s3://rhetenor/wrds_2022/afnd1/xpp.csv.gz, ./data/afnd1_xpp.csv.gz
s3://rhetenor/wrds_2022/afnd1/xrd.csv.gz, ./data/afnd1_xrd.csv.gz
s3://rhetenor/wrds_2022/afnd1/xrent.csv.gz, ./data/afnd1_xrent.csv.gz
s3://rhetenor/wrds_2022/afnd1/xsga.csv.gz, ./data/afnd1_xsga.csv.gz
s3://rhetenor/wrds_2022/ifndq/accdq.csv.gz, ./data/ifndq_accdq.csv.gz
s3://rhetenor/wrds_2022/ifndq/acchgq.csv.gz, ./data/ifndq_acchgq.csv.gz
s3://rhetenor/wrds_2022/ifndq/acomincq.csv.gz, ./data/ifndq_acomincq.csv.gz
s3://rhetenor/wrds_2022/ifndq/acoq.csv.gz, ./data/ifndq_acoq.csv.gz
s3://rhetenor/wrds_2022/ifndq/acoxq.csv.gz, ./data/ifndq_acoxq.csv.gz
s3://rhetenor/wrds_2022/ifndq/actq.csv.gz, ./data/ifndq_actq.csv.gz
s3://rhetenor/wrds_2022/ifndq/altoq.csv.gz, ./data/ifndq_altoq.csv.gz
s3://rhetenor/wrds_2022/ifndq/amq.csv.gz, ./data/ifndq_amq.csv.gz
s3://rhetenor/wrds_2022/ifndq/ancq.csv.gz, ./data/ifndq_ancq.csv.gz
s3://rhetenor/wrds_2022/ifndq/anoq.csv.gz, ./data/ifndq_anoq.csv.gz
s3://rhetenor/wrds_2022/ifndq/aociderglq.csv.gz, ./data/ifndq_aociderglq.csv.gz
s3://rhetenor/wrds_2022/ifndq/aociotherq.csv.gz, ./data/ifndq_aociotherq.csv.gz
s3://rhetenor/wrds_2022/ifndq/aocipenq.csv.gz, ./data/ifndq_aocipenq.csv.gz
s3://rhetenor/wrds_2022/ifndq/aocisecglq.csv.gz, ./data/ifndq_aocisecglq.csv.gz
s3://rhetenor/wrds_2022/ifndq/aol2q.csv.gz, ./data/ifndq_aol2q.csv.gz
s3://rhetenor/wrds_2022/ifndq/aoq.csv.gz, ./data/ifndq_aoq.csv.gz
s3://rhetenor/wrds_2022/ifndq/aotq.csv.gz, ./data/ifndq_aotq.csv.gz
s3://rhetenor/wrds_2022/ifndq/apoq.csv.gz, ./data/ifndq_apoq.csv.gz
s3://rhetenor/wrds_2022/ifndq/apq.csv.gz, ./data/ifndq_apq.csv.gz
s3://rhetenor/wrds_2022/ifndq/aqpl1q.csv.gz, ./data/ifndq_aqpl1q.csv.gz
s3://rhetenor/wrds_2022/ifndq/artfsq.csv.gz, ./data/ifndq_artfsq.csv.gz
s3://rhetenor/wrds_2022/ifndq/atq.csv.gz, ./data/ifndq_atq.csv.gz
s3://rhetenor/wrds_2022/ifndq/aul3q.csv.gz, ./data/ifndq_aul3q.csv.gz
s3://rhetenor/wrds_2022/ifndq/capsq.csv.gz, ./data/ifndq_capsq.csv.gz
s3://rhetenor/wrds_2022/ifndq/ceqq.csv.gz, ./data/ifndq_ceqq.csv.gz
s3://rhetenor/wrds_2022/ifndq/cheq.csv.gz, ./data/ifndq_cheq.csv.gz
s3://rhetenor/wrds_2022/ifndq/chq.csv.gz, ./data/ifndq_chq.csv.gz
s3://rhetenor/wrds_2022/ifndq/cibegniq.csv.gz, ./data/ifndq_cibegniq.csv.gz
s3://rhetenor/wrds_2022/ifndq/cicurrq.csv.gz, ./data/ifndq_cicurrq.csv.gz
s3://rhetenor/wrds_2022/ifndq/ciderglq.csv.gz, ./data/ifndq_ciderglq.csv.gz
s3://rhetenor/wrds_2022/ifndq/cimiiq.csv.gz, ./data/ifndq_cimiiq.csv.gz
s3://rhetenor/wrds_2022/ifndq/ciotherq.csv.gz, ./data/ifndq_ciotherq.csv.gz
s3://rhetenor/wrds_2022/ifndq/cipenq.csv.gz, ./data/ifndq_cipenq.csv.gz
s3://rhetenor/wrds_2022/ifndq/ciq.csv.gz, ./data/ifndq_ciq.csv.gz
s3://rhetenor/wrds_2022/ifndq/cisecglq.csv.gz, ./data/ifndq_cisecglq.csv.gz
s3://rhetenor/wrds_2022/ifndq/citotalq.csv.gz, ./data/ifndq_citotalq.csv.gz
s3://rhetenor/wrds_2022/ifndq/cogsq.csv.gz, ./data/ifndq_cogsq.csv.gz
s3://rhetenor/wrds_2022/ifndq/csh12q.csv.gz, ./data/ifndq_csh12q.csv.gz
s3://rhetenor/wrds_2022/ifndq/cshfd12.csv.gz, ./data/ifndq_cshfd12.csv.gz
s3://rhetenor/wrds_2022/ifndq/cshfdq.csv.gz, ./data/ifndq_cshfdq.csv.gz
s3://rhetenor/wrds_2022/ifndq/cshiq.csv.gz, ./data/ifndq_cshiq.csv.gz
s3://rhetenor/wrds_2022/ifndq/cshopq.csv.gz, ./data/ifndq_cshopq.csv.gz
s3://rhetenor/wrds_2022/ifndq/cshoq.csv.gz, ./data/ifndq_cshoq.csv.gz
s3://rhetenor/wrds_2022/ifndq/cshprq.csv.gz, ./data/ifndq_cshprq.csv.gz
s3://rhetenor/wrds_2022/ifndq/cstkcvq.csv.gz, ./data/ifndq_cstkcvq.csv.gz
s3://rhetenor/wrds_2022/ifndq/cstkeq.csv.gz, ./data/ifndq_cstkeq.csv.gz
s3://rhetenor/wrds_2022/ifndq/cstkq.csv.gz, ./data/ifndq_cstkq.csv.gz
s3://rhetenor/wrds_2022/ifndq/dcomq.csv.gz, ./data/ifndq_dcomq.csv.gz
s3://rhetenor/wrds_2022/ifndq/dd1q.csv.gz, ./data/ifndq_dd1q.csv.gz
s3://rhetenor/wrds_2022/ifndq/dfxaq.csv.gz, ./data/ifndq_dfxaq.csv.gz
s3://rhetenor/wrds_2022/ifndq/diladq.csv.gz, ./data/ifndq_diladq.csv.gz
s3://rhetenor/wrds_2022/ifndq/dilavq.csv.gz, ./data/ifndq_dilavq.csv.gz
s3://rhetenor/wrds_2022/ifndq/dlcq.csv.gz, ./data/ifndq_dlcq.csv.gz
s3://rhetenor/wrds_2022/ifndq/dlttq.csv.gz, ./data/ifndq_dlttq.csv.gz
s3://rhetenor/wrds_2022/ifndq/doq.csv.gz, ./data/ifndq_doq.csv.gz
s3://rhetenor/wrds_2022/ifndq/dpactq.csv.gz, ./data/ifndq_dpactq.csv.gz
s3://rhetenor/wrds_2022/ifndq/dpq.csv.gz, ./data/ifndq_dpq.csv.gz
s3://rhetenor/wrds_2022/ifndq/drcq.csv.gz, ./data/ifndq_drcq.csv.gz
s3://rhetenor/wrds_2022/ifndq/drltq.csv.gz, ./data/ifndq_drltq.csv.gz
s3://rhetenor/wrds_2022/ifndq/dvpq.csv.gz, ./data/ifndq_dvpq.csv.gz
s3://rhetenor/wrds_2022/ifndq/dvtq.csv.gz, ./data/ifndq_dvtq.csv.gz
s3://rhetenor/wrds_2022/ifndq/epsf12.csv.gz, ./data/ifndq_epsf12.csv.gz
s3://rhetenor/wrds_2022/ifndq/epsfi12.csv.gz, ./data/ifndq_epsfi12.csv.gz
s3://rhetenor/wrds_2022/ifndq/epsfiq.csv.gz, ./data/ifndq_epsfiq.csv.gz
s3://rhetenor/wrds_2022/ifndq/epsfxq.csv.gz, ./data/ifndq_epsfxq.csv.gz
s3://rhetenor/wrds_2022/ifndq/epspi12.csv.gz, ./data/ifndq_epspi12.csv.gz
s3://rhetenor/wrds_2022/ifndq/epspiq.csv.gz, ./data/ifndq_epspiq.csv.gz
s3://rhetenor/wrds_2022/ifndq/epspxq.csv.gz, ./data/ifndq_epspxq.csv.gz
s3://rhetenor/wrds_2022/ifndq/epsx12.csv.gz, ./data/ifndq_epsx12.csv.gz
s3://rhetenor/wrds_2022/ifndq/eqrtq.csv.gz, ./data/ifndq_eqrtq.csv.gz
s3://rhetenor/wrds_2022/ifndq/eroq.csv.gz, ./data/ifndq_eroq.csv.gz
s3://rhetenor/wrds_2022/ifndq/esopctq.csv.gz, ./data/ifndq_esopctq.csv.gz
s3://rhetenor/wrds_2022/ifndq/esopnrq.csv.gz, ./data/ifndq_esopnrq.csv.gz
s3://rhetenor/wrds_2022/ifndq/esoprq.csv.gz, ./data/ifndq_esoprq.csv.gz
s3://rhetenor/wrds_2022/ifndq/esoptq.csv.gz, ./data/ifndq_esoptq.csv.gz
s3://rhetenor/wrds_2022/ifndq/esubq.csv.gz, ./data/ifndq_esubq.csv.gz
s3://rhetenor/wrds_2022/ifndq/fcaq.csv.gz, ./data/ifndq_fcaq.csv.gz
s3://rhetenor/wrds_2022/ifndq/fyr.csv.gz, ./data/ifndq_fyr.csv.gz
s3://rhetenor/wrds_2022/ifndq/gdwlq.csv.gz, ./data/ifndq_gdwlq.csv.gz
s3://rhetenor/wrds_2022/ifndq/gpq.csv.gz, ./data/ifndq_gpq.csv.gz
s3://rhetenor/wrds_2022/ifndq/ibadj12.csv.gz, ./data/ifndq_ibadj12.csv.gz
s3://rhetenor/wrds_2022/ifndq/ibadjq.csv.gz, ./data/ifndq_ibadjq.csv.gz
s3://rhetenor/wrds_2022/ifndq/ibcomq.csv.gz, ./data/ifndq_ibcomq.csv.gz
s3://rhetenor/wrds_2022/ifndq/ibmiiq.csv.gz, ./data/ifndq_ibmiiq.csv.gz
s3://rhetenor/wrds_2022/ifndq/ibq.csv.gz, ./data/ifndq_ibq.csv.gz
s3://rhetenor/wrds_2022/ifndq/icaptq.csv.gz, ./data/ifndq_icaptq.csv.gz
s3://rhetenor/wrds_2022/ifndq/iditq.csv.gz, ./data/ifndq_iditq.csv.gz
s3://rhetenor/wrds_2022/ifndq/iitq.csv.gz, ./data/ifndq_iitq.csv.gz
s3://rhetenor/wrds_2022/ifndq/intanoq.csv.gz, ./data/ifndq_intanoq.csv.gz
s3://rhetenor/wrds_2022/ifndq/intanq.csv.gz, ./data/ifndq_intanq.csv.gz
s3://rhetenor/wrds_2022/ifndq/invfgq.csv.gz, ./data/ifndq_invfgq.csv.gz
s3://rhetenor/wrds_2022/ifndq/invoq.csv.gz, ./data/ifndq_invoq.csv.gz
s3://rhetenor/wrds_2022/ifndq/invrmq.csv.gz, ./data/ifndq_invrmq.csv.gz
s3://rhetenor/wrds_2022/ifndq/invtq.csv.gz, ./data/ifndq_invtq.csv.gz
s3://rhetenor/wrds_2022/ifndq/invwipq.csv.gz, ./data/ifndq_invwipq.csv.gz
s3://rhetenor/wrds_2022/ifndq/ivaeqq.csv.gz, ./data/ifndq_ivaeqq.csv.gz
s3://rhetenor/wrds_2022/ifndq/ivaoq.csv.gz, ./data/ifndq_ivaoq.csv.gz
s3://rhetenor/wrds_2022/ifndq/ivltq.csv.gz, ./data/ifndq_ivltq.csv.gz
s3://rhetenor/wrds_2022/ifndq/ivptq.csv.gz, ./data/ifndq_ivptq.csv.gz
s3://rhetenor/wrds_2022/ifndq/ivstq.csv.gz, ./data/ifndq_ivstq.csv.gz
s3://rhetenor/wrds_2022/ifndq/ivtfsq.csv.gz, ./data/ifndq_ivtfsq.csv.gz
s3://rhetenor/wrds_2022/ifndq/lcoq.csv.gz, ./data/ifndq_lcoq.csv.gz
s3://rhetenor/wrds_2022/ifndq/lcoxq.csv.gz, ./data/ifndq_lcoxq.csv.gz
s3://rhetenor/wrds_2022/ifndq/lctq.csv.gz, ./data/ifndq_lctq.csv.gz
s3://rhetenor/wrds_2022/ifndq/lltq.csv.gz, ./data/ifndq_lltq.csv.gz
s3://rhetenor/wrds_2022/ifndq/lnoq.csv.gz, ./data/ifndq_lnoq.csv.gz
s3://rhetenor/wrds_2022/ifndq/lol2q.csv.gz, ./data/ifndq_lol2q.csv.gz
s3://rhetenor/wrds_2022/ifndq/loq.csv.gz, ./data/ifndq_loq.csv.gz
s3://rhetenor/wrds_2022/ifndq/loxdrq.csv.gz, ./data/ifndq_loxdrq.csv.gz
s3://rhetenor/wrds_2022/ifndq/lqpl1q.csv.gz, ./data/ifndq_lqpl1q.csv.gz
s3://rhetenor/wrds_2022/ifndq/lseq.csv.gz, ./data/ifndq_lseq.csv.gz
s3://rhetenor/wrds_2022/ifndq/lsq.csv.gz, ./data/ifndq_lsq.csv.gz
s3://rhetenor/wrds_2022/ifndq/ltmibq.csv.gz, ./data/ifndq_ltmibq.csv.gz
s3://rhetenor/wrds_2022/ifndq/ltq.csv.gz, ./data/ifndq_ltq.csv.gz
s3://rhetenor/wrds_2022/ifndq/lul3q.csv.gz, ./data/ifndq_lul3q.csv.gz
s3://rhetenor/wrds_2022/ifndq/mibnq.csv.gz, ./data/ifndq_mibnq.csv.gz
s3://rhetenor/wrds_2022/ifndq/mibq.csv.gz, ./data/ifndq_mibq.csv.gz
s3://rhetenor/wrds_2022/ifndq/mibtq.csv.gz, ./data/ifndq_mibtq.csv.gz
s3://rhetenor/wrds_2022/ifndq/miiq.csv.gz, ./data/ifndq_miiq.csv.gz
s3://rhetenor/wrds_2022/ifndq/msaq.csv.gz, ./data/ifndq_msaq.csv.gz
s3://rhetenor/wrds_2022/ifndq/niq.csv.gz, ./data/ifndq_niq.csv.gz
s3://rhetenor/wrds_2022/ifndq/nopioq.csv.gz, ./data/ifndq_nopioq.csv.gz
s3://rhetenor/wrds_2022/ifndq/nopiq.csv.gz, ./data/ifndq_nopiq.csv.gz
s3://rhetenor/wrds_2022/ifndq/npq.csv.gz, ./data/ifndq_npq.csv.gz
s3://rhetenor/wrds_2022/ifndq/oepf12.csv.gz, ./data/ifndq_oepf12.csv.gz
s3://rhetenor/wrds_2022/ifndq/oeps12.csv.gz, ./data/ifndq_oeps12.csv.gz
s3://rhetenor/wrds_2022/ifndq/oepsxq.csv.gz, ./data/ifndq_oepsxq.csv.gz
s3://rhetenor/wrds_2022/ifndq/oiadpq.csv.gz, ./data/ifndq_oiadpq.csv.gz
s3://rhetenor/wrds_2022/ifndq/oibdpq.csv.gz, ./data/ifndq_oibdpq.csv.gz
s3://rhetenor/wrds_2022/ifndq/opepsq.csv.gz, ./data/ifndq_opepsq.csv.gz
s3://rhetenor/wrds_2022/ifndq/oproq.csv.gz, ./data/ifndq_oproq.csv.gz
s3://rhetenor/wrds_2022/ifndq/piq.csv.gz, ./data/ifndq_piq.csv.gz
s3://rhetenor/wrds_2022/ifndq/pnrshoq.csv.gz, ./data/ifndq_pnrshoq.csv.gz
s3://rhetenor/wrds_2022/ifndq/ppegtq.csv.gz, ./data/ifndq_ppegtq.csv.gz
s3://rhetenor/wrds_2022/ifndq/ppentq.csv.gz, ./data/ifndq_ppentq.csv.gz
s3://rhetenor/wrds_2022/ifndq/prcraq.csv.gz, ./data/ifndq_prcraq.csv.gz
s3://rhetenor/wrds_2022/ifndq/prshoq.csv.gz, ./data/ifndq_prshoq.csv.gz
s3://rhetenor/wrds_2022/ifndq/pstknq.csv.gz, ./data/ifndq_pstknq.csv.gz
s3://rhetenor/wrds_2022/ifndq/pstkq.csv.gz, ./data/ifndq_pstkq.csv.gz
s3://rhetenor/wrds_2022/ifndq/pstkrq.csv.gz, ./data/ifndq_pstkrq.csv.gz
s3://rhetenor/wrds_2022/ifndq/pvtq.csv.gz, ./data/ifndq_pvtq.csv.gz
s3://rhetenor/wrds_2022/ifndq/rdipaq.csv.gz, ./data/ifndq_rdipaq.csv.gz
s3://rhetenor/wrds_2022/ifndq/rdipdq.csv.gz, ./data/ifndq_rdipdq.csv.gz
s3://rhetenor/wrds_2022/ifndq/rdipepsq.csv.gz, ./data/ifndq_rdipepsq.csv.gz
s3://rhetenor/wrds_2022/ifndq/rdipq.csv.gz, ./data/ifndq_rdipq.csv.gz
s3://rhetenor/wrds_2022/ifndq/reccoq.csv.gz, ./data/ifndq_reccoq.csv.gz
s3://rhetenor/wrds_2022/ifndq/recdq.csv.gz, ./data/ifndq_recdq.csv.gz
s3://rhetenor/wrds_2022/ifndq/rectaq.csv.gz, ./data/ifndq_rectaq.csv.gz
s3://rhetenor/wrds_2022/ifndq/rectoq.csv.gz, ./data/ifndq_rectoq.csv.gz
s3://rhetenor/wrds_2022/ifndq/rectq.csv.gz, ./data/ifndq_rectq.csv.gz
s3://rhetenor/wrds_2022/ifndq/rectrq.csv.gz, ./data/ifndq_rectrq.csv.gz
s3://rhetenor/wrds_2022/ifndq/req.csv.gz, ./data/ifndq_req.csv.gz
s3://rhetenor/wrds_2022/ifndq/reunaq.csv.gz, ./data/ifndq_reunaq.csv.gz
s3://rhetenor/wrds_2022/ifndq/revtq.csv.gz, ./data/ifndq_revtq.csv.gz
s3://rhetenor/wrds_2022/ifndq/risq.csv.gz, ./data/ifndq_risq.csv.gz
s3://rhetenor/wrds_2022/ifndq/saleq.csv.gz, ./data/ifndq_saleq.csv.gz
s3://rhetenor/wrds_2022/ifndq/sctq.csv.gz, ./data/ifndq_sctq.csv.gz
s3://rhetenor/wrds_2022/ifndq/seqoq.csv.gz, ./data/ifndq_seqoq.csv.gz
s3://rhetenor/wrds_2022/ifndq/seqq.csv.gz, ./data/ifndq_seqq.csv.gz
s3://rhetenor/wrds_2022/ifndq/spiq.csv.gz, ./data/ifndq_spiq.csv.gz
s3://rhetenor/wrds_2022/ifndq/stkcoq.csv.gz, ./data/ifndq_stkcoq.csv.gz
s3://rhetenor/wrds_2022/ifndq/teqq.csv.gz, ./data/ifndq_teqq.csv.gz
s3://rhetenor/wrds_2022/ifndq/tfvaq.csv.gz, ./data/ifndq_tfvaq.csv.gz
s3://rhetenor/wrds_2022/ifndq/tfvlq.csv.gz, ./data/ifndq_tfvlq.csv.gz
s3://rhetenor/wrds_2022/ifndq/tstknq.csv.gz, ./data/ifndq_tstknq.csv.gz
s3://rhetenor/wrds_2022/ifndq/tstkq.csv.gz, ./data/ifndq_tstkq.csv.gz
s3://rhetenor/wrds_2022/ifndq/txdbaq.csv.gz, ./data/ifndq_txdbaq.csv.gz
s3://rhetenor/wrds_2022/ifndq/txdbcaq.csv.gz, ./data/ifndq_txdbcaq.csv.gz
s3://rhetenor/wrds_2022/ifndq/txdbclq.csv.gz, ./data/ifndq_txdbclq.csv.gz
s3://rhetenor/wrds_2022/ifndq/txdbq.csv.gz, ./data/ifndq_txdbq.csv.gz
s3://rhetenor/wrds_2022/ifndq/txdiq.csv.gz, ./data/ifndq_txdiq.csv.gz
s3://rhetenor/wrds_2022/ifndq/txditcq.csv.gz, ./data/ifndq_txditcq.csv.gz
s3://rhetenor/wrds_2022/ifndq/txpq.csv.gz, ./data/ifndq_txpq.csv.gz
s3://rhetenor/wrds_2022/ifndq/txtq.csv.gz, ./data/ifndq_txtq.csv.gz
s3://rhetenor/wrds_2022/ifndq/txwq.csv.gz, ./data/ifndq_txwq.csv.gz
s3://rhetenor/wrds_2022/ifndq/unnpq.csv.gz, ./data/ifndq_unnpq.csv.gz
s3://rhetenor/wrds_2022/ifndq/wcapq.csv.gz, ./data/ifndq_wcapq.csv.gz
s3://rhetenor/wrds_2022/ifndq/xaccq.csv.gz, ./data/ifndq_xaccq.csv.gz
s3://rhetenor/wrds_2022/ifndq/xagtq.csv.gz, ./data/ifndq_xagtq.csv.gz
s3://rhetenor/wrds_2022/ifndq/xidoq.csv.gz, ./data/ifndq_xidoq.csv.gz
s3://rhetenor/wrds_2022/ifndq/xintq.csv.gz, ./data/ifndq_xintq.csv.gz
s3://rhetenor/wrds_2022/ifndq/xiq.csv.gz, ./data/ifndq_xiq.csv.gz
s3://rhetenor/wrds_2022/ifndq/xoproq.csv.gz, ./data/ifndq_xoproq.csv.gz
s3://rhetenor/wrds_2022/ifndq/xoprq.csv.gz, ./data/ifndq_xoprq.csv.gz
s3://rhetenor/wrds_2022/ifndq/xppq.csv.gz, ./data/ifndq_xppq.csv.gz
s3://rhetenor/wrds_2022/ifndq/xrdq.csv.gz, ./data/ifndq_xrdq.csv.gz
s3://rhetenor/wrds_2022/ifndq/xsgaq.csv.gz, ./data/ifndq_xsgaq.csv.gz
s3://rhetenor/wrds_2022/ifndq/xsq.csv.gz, ./data/ifndq_xsq.csv.gz
s3://rhetenor/wrds_2022/ifndq/xstq.csv.gz, ./data/ifndq_xstq.csv.gz
s3://rhetenor/wrds_2022/ifndq/xtq.csv.gz, ./data/ifndq_xtq.csv.gz